[51.7394210, -1.2065180],
[51.7392790, -1.2064260],
[51.7390630, -1.2064880],
[51.7390690, -1.2065230],
[51.7389540, -1.2066430],
[51.7387880, -1.2067770],
[51.7387670, -1.2067980],
[51.7386290, -1.2068930],
[51.7386070, -1.2069120],
[51.7385660, -1.2069500],
[51.7385310, -1.2069880],
[51.7384580, -1.2070410],
[51.7384380, -1.2070570],
[51.7382550, -1.2071770],
[51.7380710, -1.2072900],
[51.7379270, -1.2074030],
[51.7379060, -1.2074220],
[51.7377390, -1.2075640],
[51.7376060, -1.2076780],
[51.7375810, -1.2076980],
[51.7375380, -1.2077380],
[51.7374570, -1.2079370],
[51.7373690, -1.2079000],
[51.7373480, -1.2079020],
[51.7372200, -1.2080030],
[51.7372010, -1.2080190],
[51.7371290, -1.2080720],
[51.7371120, -1.2080880],
[51.7370620, -1.2081200],
[51.7369750, -1.2081780],
[51.7369580, -1.2081970],
[51.7368470, -1.2082840],
[51.7368240, -1.2083030],
[51.7366510, -1.2084250],
[51.7365280, -1.2085320],
[51.7365110, -1.2085500],
[51.7363410, -1.2086640],
[51.7362800, -1.2087260],
[51.7362620, -1.2087480],
[51.7360710, -1.2088600],
[51.7360080, -1.2089140],
[51.7359920, -1.2089240],
[51.7358500, -1.2090570],
[51.7357590, -1.2091360],
[51.7357150, -1.2091700],
[51.7356700, -1.2092110],
[51.7355960, -1.2092870],
[51.7355730, -1.2093060],
[51.7354860, -1.2093780],
[51.7354070, -1.2094190],
[51.7353830, -1.2094360],
[51.7352380, -1.2095640],
[51.7352170, -1.2095790],
[51.7351770, -1.2096210],
[51.7351060, -1.2096860],
[51.7350810, -1.2096980],
[51.7348960, -1.2098140],
[51.7347330, -1.2099600],
[51.7347130, -1.2099810],
[51.7346910, -1.2099990],
[51.7345480, -1.2101010],
[51.7345290, -1.2101110],
[51.7343520, -1.2101880],
[51.7342510, -1.2104400],
[51.7341350, -1.2105410],
[51.7341090, -1.2105850],
[51.7341150, -1.2107270],
[51.7341660, -1.2110350],
[51.7341760, -1.2110760],
[51.7341860, -1.2111190],
[51.7342530, -1.2114310],
[51.7342650, -1.2114740],
[51.7343220, -1.2117580],
[51.7342700, -1.2119850],
[51.7342520, -1.2120070],
[51.7341920, -1.2120630],
[51.7340880, -1.2121650],
[51.7340730, -1.2121950],
[51.7340150, -1.2122850],
[51.7340030, -1.2123010],
[51.7339700, -1.2123380],
[51.7338090, -1.2124850],
[51.7336500, -1.2126820],
[51.7335440, -1.2127980],
[51.7335240, -1.2128220],
[51.7334150, -1.2129430],
[51.7333960, -1.2129650],
[51.7333180, -1.2130820],
[51.7332390, -1.2131690],
[51.7332010, -1.2132460],
[51.7331890, -1.2132880],
[51.7331250, -1.2134630],
[51.7330260, -1.2137440],
[51.7329590, -1.2139340],
[51.7329480, -1.2139680],
[51.7329230, -1.2140310],
[51.7328620, -1.2143210],
[51.7327420, -1.2145510],
[51.7328300, -1.2147920],
[51.7328100, -1.2151150],
[51.7327960, -1.2154250],
[51.7327740, -1.2157230],
[51.7327220, -1.2160190],
[51.7326950, -1.2163200],
[51.7326860, -1.2163590],
[51.7326750, -1.2164390],
[51.7326600, -1.2165530],
[51.7326060, -1.2167590],
[51.7325980, -1.2168070],
[51.7325170, -1.2170990],
[51.7325090, -1.2171360],
[51.7325010, -1.2171720],
[51.7324420, -1.2174760],
[51.7323870, -1.2176530],
[51.7323730, -1.2176920],
[51.7322920, -1.2179550],
[51.7322200, -1.2181860],
[51.7322140, -1.2182270],
[51.7322220, -1.2185610],
[51.7322320, -1.2185990],
[51.7322390, -1.2186360],
[51.7322430, -1.2187130],
[51.7322320, -1.2190120],
[51.7322350, -1.2190510],
[51.7322330, -1.2190870],
[51.7322400, -1.2193990],
[51.7322820, -1.2196810],
[51.7322900, -1.2197600],
[51.7322980, -1.2198790],
[51.7322790, -1.2200410],
[51.7322670, -1.2203560],
[51.7322610, -1.2205010],
[51.7322590, -1.2205430],
[51.7322560, -1.2206230],
[51.7322490, -1.2207690],
[51.7322490, -1.2208060],
[51.7322450, -1.2209180],
[51.7322330, -1.2212320],
[51.7322330, -1.2212700],
[51.7322520, -1.2215280],
[51.7322550, -1.2215670],
[51.7322630, -1.2218070],
[51.7322650, -1.2218420],
[51.7322750, -1.2220640],
[51.7322750, -1.2221520],
[51.7322790, -1.2223310],
[51.7322870, -1.2226450],
[51.7322960, -1.2229410],
[51.7322980, -1.2230710],
[51.7323150, -1.2233310],
[51.7323200, -1.2233720],
[51.7323310, -1.2234980],
[51.7323510, -1.2238090],
[51.7323540, -1.2238570],
[51.7323530, -1.2239410],
[51.7323690, -1.2242590],
[51.7323850, -1.2243880],
[51.7323860, -1.2244300],
[51.7323850, -1.2246870],
[51.7323860, -1.2247320],
[51.7323890, -1.2250430],
[51.7323920, -1.2252230],
[51.7323920, -1.2252700],
[51.7323920, -1.2254120],
[51.7324140, -1.2257000],
[51.7324060, -1.2258330],
[51.7324020, -1.2258780],
[51.7324160, -1.2261970],
[51.7324200, -1.2262420],
[51.7324360, -1.2265580],
[51.7324410, -1.2268470],
[51.7324370, -1.2268900],
[51.7324390, -1.2269310],
[51.7324600, -1.2272260],
[51.7324620, -1.2272710],
[51.7324560, -1.2274570],
[51.7324630, -1.2276400],
[51.7324680, -1.2277310],
[51.7324960, -1.2280420],
[51.7325180, -1.2283580],
[51.7326010, -1.2286460],
[51.7326850, -1.2289100],
[51.7326940, -1.2289480],
[51.7327160, -1.2290280],
[51.7328390, -1.2292600],
[51.7329790, -1.2295010],
[51.7330890, -1.2297840],
[51.7331080, -1.2298200],
[51.7331570, -1.2299370],
[51.7332680, -1.2301450],
[51.7332880, -1.2301790],
[51.7334230, -1.2304200],
[51.7335360, -1.2306460],
[51.7336680, -1.2308380],
[51.7337020, -1.2308920],
[51.7337250, -1.2309180],
[51.7338890, -1.2311250],
[51.7340570, -1.2313050],
[51.7342090, -1.2314680],
[51.7343510, -1.2315980],
[51.7343730, -1.2316210],
[51.7345200, -1.2317960],
[51.7345360, -1.2318200],
[51.7345550, -1.2318470],
[51.7346300, -1.2319200],
[51.7347850, -1.2320230],
[51.7348160, -1.2320450],
[51.7350050, -1.2321100],
[51.7351210, -1.2322750],
[51.7351410, -1.2323000],
[51.7352340, -1.2323590],
[51.7353280, -1.2324340],
[51.7355000, -1.2325240],
[51.7355290, -1.2325400],
[51.7355530, -1.2325550],
[51.7356240, -1.2326170],
[51.7356480, -1.2326550],
[51.7357160, -1.2327290],
[51.7358360, -1.2328740],
[51.7358590, -1.2329030],
[51.7359460, -1.2330160],
[51.7361280, -1.2331300],
[51.7361570, -1.2331320],
[51.7361860, -1.2331420],
[51.7362680, -1.2331880],
[51.7363650, -1.2332480],
[51.7365230, -1.2334130],
[51.7365870, -1.2334760],
[51.7366050, -1.2335030],
[51.7366440, -1.2335570],
[51.7368100, -1.2337030],
[51.7368340, -1.2337190],
[51.7369470, -1.2338250],
[51.7369670, -1.2338610],
[51.7371550, -1.2339660],
[51.7372030, -1.2339900],
[51.7372270, -1.2340120],
[51.7373050, -1.2340720],
[51.7374180, -1.2341290],
[51.7376090, -1.2342510],
[51.7377960, -1.2343410],
[51.7379990, -1.2344200],
[51.7381840, -1.2344040],
[51.7383620, -1.2345190],
[51.7385160, -1.2346350],
[51.7385690, -1.2346340],
[51.7387570, -1.2347280],
[51.7388300, -1.2347550],
[51.7388580, -1.2347640],
[51.7390230, -1.2349200],
[51.7392060, -1.2350230],
[51.7392500, -1.2350360],
[51.7392730, -1.2350410],
[51.7394740, -1.2350820],
[51.7395410, -1.2352050],
[51.7395620, -1.2352280],
[51.7397290, -1.2353940],
[51.7398910, -1.2355280],
[51.7399170, -1.2355490],
[51.7399480, -1.2355830],
[51.7400470, -1.2356430],
[51.7401310, -1.2356890],
[51.7402630, -1.2358100],
[51.7402880, -1.2358300],
[51.7404520, -1.2359720],
[51.7405990, -1.2361790],
[51.7407830, -1.2363120],
[51.7409550, -1.2364560],
[51.7410060, -1.2365690],
[51.7410310, -1.2365850],
[51.7411310, -1.2366640],
[51.7411630, -1.2367030],
[51.7413210, -1.2368870],
[51.7414630, -1.2371090],
[51.7416490, -1.2372020],
[51.7417980, -1.2374100],
[51.7419780, -1.2375980],
[51.7421260, -1.2377630],
[51.7422970, -1.2379170],
[51.7424270, -1.2381620],
[51.7424530, -1.2382210],
[51.7424720, -1.2382620],
[51.7425790, -1.2384120],
[51.7426530, -1.2384860],
[51.7427120, -1.2385790],
[51.7428540, -1.2387700],
[51.7430250, -1.2388780],
[51.7430980, -1.2389160],
[51.7431130, -1.2389310],
[51.7432870, -1.2390800],
[51.7434530, -1.2392020],
[51.7436280, -1.2393380],
[51.7437360, -1.2394520],
[51.7437770, -1.2394790],
[51.7439630, -1.2395620],
[51.7439990, -1.2396390],
[51.7440130, -1.2396560],
[51.7441090, -1.2397770],
[51.7441260, -1.2397940],
[51.7442840, -1.2399750],
[51.7444540, -1.2401200],
[51.7446230, -1.2399830],
[51.7448120, -1.2398190],
[51.7449570, -1.2396120],
[51.7451020, -1.2394100],
[51.7451500, -1.2393340],
[51.7451650, -1.2393130],
[51.7453070, -1.2391080],
[51.7453420, -1.2390440],
[51.7453590, -1.2390020],
[51.7454460, -1.2387660],
[51.7454620, -1.2387340],
[51.7455720, -1.2384750],
[51.7456920, -1.2382170],
[51.7457420, -1.2381030],
[51.7457640, -1.2380700],
[51.7458790, -1.2378200],
[51.7459860, -1.2376070],
[51.7460220, -1.2375570],
[51.7461510, -1.2373140],
[51.7462020, -1.2371920],
[51.7462120, -1.2371600],
[51.7462530, -1.2370480],
[51.7463580, -1.2367920],
[51.7464610, -1.2366130],
[51.7464770, -1.2365890],
[51.7464990, -1.2365680],
[51.7466710, -1.2364030],
[51.7468100, -1.2362640],
[51.7467580, -1.2361870],
[51.7469330, -1.2360640],
[51.7470910, -1.2359170],
[51.7471890, -1.2358100],
[51.7471990, -1.2357890],
[51.7472720, -1.2356830],
[51.7472920, -1.2356630],
[51.7474640, -1.2355530],
[51.7475040, -1.2355130],
[51.7475150, -1.2354980],
[51.7476860, -1.2353650],
[51.7476130, -1.2351010],
[51.7475250, -1.2348390],
[51.7475140, -1.2348090],
[51.7474460, -1.2346330],
[51.7473530, -1.2343630],
[51.7473350, -1.2343170],
[51.7472180, -1.2340450],
[51.7471970, -1.2340100],
[51.7471500, -1.2338440],
[51.7470620, -1.2335740],
[51.7470360, -1.2334890],
[51.7470230, -1.2334430],
[51.7469410, -1.2332770],
[51.7468380, -1.2330340],
[51.7467670, -1.2328960],
[51.7467550, -1.2328660],
[51.7466340, -1.2326020],
[51.7464880, -1.2323840],
[51.7464290, -1.2322320],
[51.7464130, -1.2321760],
[51.7463510, -1.2320300],
[51.7462410, -1.2317860],
[51.7462230, -1.2317430],
[51.7461310, -1.2314380],
[51.7459900, -1.2312050],
[51.7459360, -1.2310460],
[51.7459180, -1.2310030],
[51.7458580, -1.2308820],
[51.7457520, -1.2307080],
[51.7456240, -1.2304720],
[51.7455420, -1.2302140],
[51.7453960, -1.2300540],
[51.7452540, -1.2298680],
[51.7451080, -1.2296750],
[51.7449450, -1.2295630],
[51.7449230, -1.2295410],
[51.7448210, -1.2294460],
[51.7447960, -1.2294100],
[51.7446400, -1.2291880],
[51.7444920, -1.2289940],
[51.7444350, -1.2288950],
[51.7444120, -1.2288630],
[51.7443870, -1.2286130],
[51.7445100, -1.2283850],
[51.7445640, -1.2282970],
[51.7445910, -1.2282550],
[51.7446680, -1.2281220],
[51.7447680, -1.2278960],
[51.7447860, -1.2278560],
[51.7448230, -1.2277760],
[51.7448620, -1.2277100],
[51.7449500, -1.2275630],
[51.7449720, -1.2275250],
[51.7450260, -1.2274140],
[51.7450100, -1.2271240],
[51.7449140, -1.2268630],
[51.7448050, -1.2266260],
[51.7447390, -1.2264820],
[51.7446900, -1.2263820],
[51.7446150, -1.2260740],
[51.7445990, -1.2259760],
[51.7445880, -1.2259240],
[51.7444920, -1.2256560],
[51.7444040, -1.2253650],
[51.7443390, -1.2250470],
[51.7442900, -1.2249100],
[51.7442730, -1.2248640],
[51.7441940, -1.2245750],
[51.7441790, -1.2245280],
[51.7441760, -1.2244770],
[51.7440940, -1.2241990],
[51.7440840, -1.2241550],
[51.7440730, -1.2241070],
[51.7440050, -1.2238170],
[51.7439450, -1.2235860],
[51.7439360, -1.2235410],
[51.7438910, -1.2234200],
[51.7438380, -1.2232260],
[51.7437590, -1.2230390],
[51.7436770, -1.2228500],
[51.7435610, -1.2225880],
[51.7434550, -1.2223550],
[51.7434370, -1.2223060],
[51.7433530, -1.2220720],
[51.7433320, -1.2220210],
[51.7432940, -1.2218630],
[51.7432160, -1.2215660],
[51.7432010, -1.2215210],
[51.7431870, -1.2214740],
[51.7430720, -1.2212050],
[51.7429740, -1.2209360],
[51.7429260, -1.2207580],
[51.7429030, -1.2207130],
[51.7428390, -1.2205610],
[51.7428230, -1.2205320],
[51.7427090, -1.2202980],
[51.7426910, -1.2202660],
[51.7426750, -1.2202290],
[51.7425510, -1.2200060],
[51.7424360, -1.2198350],
[51.7424250, -1.2197940],
[51.7423140, -1.2195180],
[51.7421810, -1.2193040],
[51.7419990, -1.2190970],
[51.7419520, -1.2190520],
[51.7419170, -1.2190030],
[51.7418480, -1.2189150],
[51.7416920, -1.2186890],
[51.7415710, -1.2184160],
[51.7414770, -1.2181660],
[51.7414650, -1.2181150],
[51.7413940, -1.2179270],
[51.7412930, -1.2176470],
[51.7412150, -1.2173320],
[51.7411750, -1.2170250],
[51.7411660, -1.2167840],
[51.7411670, -1.2167320],
[51.7411720, -1.2164120],
[51.7411640, -1.2161630],
[51.7411670, -1.2161140],
[51.7411220, -1.2158160],
[51.7410750, -1.2154640],
[51.7410590, -1.2151610],
[51.7410590, -1.2151130],
[51.7410560, -1.2150600],
[51.7410420, -1.2148530],
[51.7410330, -1.2148030],
[51.7410170, -1.2146760],
[51.7409760, -1.2143720],
[51.7409370, -1.2140780],
[51.7408840, -1.2137670],
[51.7408090, -1.2135340],
[51.7407930, -1.2134750],
[51.7407510, -1.2133220],
[51.7407350, -1.2132330],
[51.7406270, -1.2129460],
[51.7405100, -1.2126890],
[51.7404470, -1.2124220],
[51.7404610, -1.2123120],
[51.7404650, -1.2122880],
[51.7404760, -1.2122180],
[51.7404700, -1.2120480],
[51.7404690, -1.2120310],
[51.7404440, -1.2119490],
[51.7404400, -1.2119330],
[51.7403910, -1.2118460],
[51.7403890, -1.2118360],
[51.7403630, -1.2117860],
[51.7403550, -1.2117470],
[51.7403580, -1.2116860],
[51.7403440, -1.2113890],
[51.7403190, -1.2113100],
[51.7403080, -1.2112700],
[51.7402880, -1.2111940],
[51.7402360, -1.2109780],
[51.7402240, -1.2109410],
[51.7401250, -1.2106550],
[51.7400010, -1.2103990],
[51.7399180, -1.2101160],
[51.7399120, -1.2100820],
[51.7399050, -1.2100540],
[51.7398520, -1.2098740],
[51.7398500, -1.2098460],
[51.7398250, -1.2095340],
[51.7397660, -1.2092270],
[51.7397330, -1.2091050],
[51.7397290, -1.2090680],
[51.7396770, -1.2087870],
[51.7396700, -1.2087630],
